Designator,Val,Package,Mid X,Mid Y,Rotation,Layer
C1,1000uF,CP_Elec_10x10,242,-88,0,top
C2,1000uF,CP_Elec_10x10,242,-102,180,top
C3,100uF,CP_Elec_6.3x7.7,245,-115,0,top
C4,100uF,CP_Elec_6.3x7.7,227,-83.5,0,top
C5,10uF,CP_Elec_4x5.8,244,-138,0,top
C6,10uF,CP_Elec_4x5.8,244,-146,180,top
C7,1uF,CP_Elec_4x5.4,212,-153,-90,top
C8,1uF,CP_Elec_4x5.4,204,-153,90,top
C9,2u2,CP_Elec_4x5.4,135,-156,180,top
C10,100n,C_1206_3216Metric_Pad1.33x1.80mm_HandSolder,145,-158.5,0,top
C11,100n,C_1206_3216Metric_Pad1.33x1.80mm_HandSolder,204.75,-127.4,0,top
C12,100n,C_1206_3216Metric_Pad1.33x1.80mm_HandSolder,181,-124.5,0,top
C13,100n,C_1206_3216Metric_Pad1.33x1.80mm_HandSolder,88.5,-157.5,0,top
D2,1N4004,D_MELF,216,-83.4,90,top
D3,1N4004,D_MELF,209,-83.4,-90,top
D4,BAS85,D_MiniMELF,120.5,-156,-90,top
D6,BAS85,D_MiniMELF,201.5,-109.5,-90,top
D7,BAS85,D_MiniMELF,207.5,-109.5,90,top
D8,BAS85,D_MiniMELF,184,-107.5,-90,top
D9,BAS85,D_MiniMELF,178,-107.5,90,top
D10,BAS85,D_MiniMELF,214.5,-135,180,top
D11,BAS85,D_MiniMELF,214.5,-130,0,top
D12,BAS85,D_MiniMELF,181,-128.5,0,top
D13,BAS85,D_MiniMELF,189.5,-128.5,0,top
D14,BAS85,D_MiniMELF,55,-104,90,top
D15,BAS85,D_MiniMELF,55,-97,90,top
Q1,BC847,SOT-23,105.95,-89,-90,top
R1,10k,R_1206_3216Metric_Pad1.30x1.75mm_HandSolder,107,-83.5,0,top
R2,1k,R_1206_3216Metric_Pad1.30x1.75mm_HandSolder,54.8,-142.35,90,top
R3,1k,R_1206_3216Metric_Pad1.30x1.75mm_HandSolder,216.5,-69.05,90,top
R4,1k,R_1206_3216Metric_Pad1.30x1.75mm_HandSolder,230.5,-69,90,top
R5,1k,R_1206_3216Metric_Pad1.30x1.75mm_HandSolder,105,-94,0,top
R6,100,R_1206_3216Metric_Pad1.30x1.75mm_HandSolder,132.5,-149,-90,top
R7,100k,R_1206_3216Metric_Pad1.30x1.75mm_HandSolder,137.5,-148.95,90,top
R8,100k,R_1206_3216Metric_Pad1.30x1.75mm_HandSolder,154.5,-150.5,0,top
R9,100k,R_1206_3216Metric_Pad1.30x1.75mm_HandSolder,154.5,-153.5,0,top
R10,220k,R_1206_3216Metric_Pad1.30x1.75mm_HandSolder,126.5,-156,90,top
R11,100k,R_1206_3216Metric_Pad1.30x1.75mm_HandSolder,154.5,-156.5,0,top
R12,12k,R_1206_3216Metric_Pad1.30x1.75mm_HandSolder,123.5,-150.5,0,top
R13,10k,R_1206_3216Metric_Pad1.30x1.75mm_HandSolder,116.95,-150.5,180,top
R14,1k,R_1206_3216Metric_Pad1.30x1.75mm_HandSolder,154.5,-147.5,0,top
R15,1k,R_1206_3216Metric_Pad1.30x1.75mm_HandSolder,105,-144.5,0,top
R16,100k,R_1206_3216Metric_Pad1.30x1.75mm_HandSolder,214.5,-104,0,top
R17,100k,R_1206_3216Metric_Pad1.30x1.75mm_HandSolder,104.9,-114,0,top
R18,100k,R_1206_3216Metric_Pad1.30x1.75mm_HandSolder,196,-114.5,0,top
R19,100k,R_1206_3216Metric_Pad1.30x1.75mm_HandSolder,196,-119.5,0,top
R20,47k,R_1206_3216Metric_Pad1.30x1.75mm_HandSolder,196,-124.5,0,top
R21,100k,R_1206_3216Metric_Pad1.30x1.75mm_HandSolder,171,-106,180,top
R22,100k,R_1206_3216Metric_Pad1.30x1.75mm_HandSolder,105,-104,0,top
R23,100k,R_1206_3216Metric_Pad1.30x1.75mm_HandSolder,214.5,-109.5,0,top
R24,100k,R_1206_3216Metric_Pad1.30x1.75mm_HandSolder,104.9,-109,0,top
R25,100k,R_1206_3216Metric_Pad1.30x1.75mm_HandSolder,170.95,-101,0,top
R26,100k,R_1206_3216Metric_Pad1.30x1.75mm_HandSolder,105,-99,0,top
R27,100k,R_1206_3216Metric_Pad1.30x1.75mm_HandSolder,171,-111.5,0,top
R28,100k,R_1206_3216Metric_Pad1.30x1.75mm_HandSolder,214.5,-124.5,0,top
R29,100k,R_1206_3216Metric_Pad1.30x1.75mm_HandSolder,189.5,-121.5,0,top
R30,100k,R_1206_3216Metric_Pad1.30x1.75mm_HandSolder,171,-116.5,0,top
R31,100k,R_1206_3216Metric_Pad1.30x1.75mm_HandSolder,214.5,-119.5,0,top
R32,100k,R_1206_3216Metric_Pad1.30x1.75mm_HandSolder,189.5,-116.5,0,top
R33,100k,R_1206_3216Metric_Pad1.30x1.75mm_HandSolder,171,-121.5,0,top
R34,100k,R_1206_3216Metric_Pad1.30x1.75mm_HandSolder,214.5,-114.5,180,top
R35,100k,R_1206_3216Metric_Pad1.30x1.75mm_HandSolder,189.5,-111.5,180,top
R36,470k,R_1206_3216Metric_Pad1.30x1.75mm_HandSolder,126.9,-99,90,top
R37,100k,R_1206_3216Metric_Pad1.30x1.75mm_HandSolder,107,-71,0,top
R38,1k,R_1206_3216Metric_Pad1.30x1.75mm_HandSolder,105,-134.5,0,top
R39,1k,R_1206_3216Metric_Pad1.30x1.75mm_HandSolder,105.05,-129.5,0,top
R40,100k,R_1206_3216Metric_Pad1.30x1.75mm_HandSolder,105,-149.5,180,top
R41,100k,R_1206_3216Metric_Pad1.30x1.75mm_HandSolder,105,-154.5,0,top
R42,100k,R_1206_3216Metric_Pad1.30x1.75mm_HandSolder,97.55,-149.5,0,top
R43,100k,R_1206_3216Metric_Pad1.30x1.75mm_HandSolder,97.5,-154.5,180,top
R44,100k,R_1206_3216Metric_Pad1.30x1.75mm_HandSolder,97.5,-144.5,0,top
R45,1k,R_1206_3216Metric_Pad1.30x1.75mm_HandSolder,105,-124,180,top
RV3,10k LFO TRIM,Potentiometer_Bourns_3314J_Vertical,169.2,-153.5,-90,top
U1,MC78M12_TO252,TO-252-2,243,-127,0,top
U2,MC79M12_TO252,TO-252-2,232,-115,180,top
U3,L78L05_SO8,SOIC-8_3.9x4.9mm_P1.27mm,233,-154,0,top
U4,L79L05_SO8,SOIC-8_3.9x4.9mm_P1.27mm,222,-154,0,top
U5,TL074,SO-14_3.9x8.65mm_P1.27mm,145,-151,0,top
U6,TL074,SO-14_3.9x8.65mm_P1.27mm,204.75,-119.4,0,top
U7,TL074,SO-14_3.9x8.65mm_P1.27mm,181,-116.5,0,top
U8,TL074,SO-14_3.9x8.65mm_P1.27mm,88.5,-149.5,0,top
